{
    "x_mean": -0.013630707503313794,
    "x_std": 2.921377365918105,
    "y_mean": -0.03609613054471983,
    "y_std": 2.88507741086015,
    "z_mean": -0.2756804829107399,
    "z_std": 0.7800385529197086
}